date,0x20240121,,,,,,,,,,,,,,end
title,time/0.1s,current,time/0.1s,current,time/0.1s,current,time/0.1s,current,time/0.1s,current,time/0.1s,current,time/0.1s,current,end
level/type,sdp,sdp,cdp/dcp,cdp/dcp,vooc,vooc,svooc,svooc,pd/qc,pd/qc,third-pps,third-pps,third-ufcs,third-ufcs,end
crc32,0xf5539933,NA,0xe4127ac1,NA,0xcdfcfe85,NA,0x38face72,NA,0x1bad3246,NA,0x86a0e25a,NA,0x2f6e945e,NA,end
max_current,600,NA,2200,NA,6000,NA,12200,NA,3300,NA,10000,NA,6000,NA,end
fcc,5023,NA,5017,NA,5017,NA,5007,NA,5012,NA,5012,NA,5012,NA,end
0,1362,597,448,2170,175,5845,43,12495,270,3075,107,8886,213,5956,end
1,1362,597,448,2170,175,5845,43,12495,270,3075,107,8886,248,5925,end
2,2574,599,727,2173,262,5814,159,12507,500,3025,166,9122,296,5950,end
3,2469,599,666,2173,250,5922,99,12479,557,2977,156,9108,238,5933,end
4,2574,576,678,2170,255,5811,159,12525,502,2946,167,9013,299,5925,end
5,2565,579,727,2175,304,5820,109,12518,494,2915,178,8917,248,5943,end
6,2550,575,675,2179,244,5856,99,11234,562,2912,167,9051,296,5952,end
7,2613,572,677,2173,263,5833,159,11279,501,2913,169,9010,298,5950,end
8,2557,569,716,2173,247,5749,159,11285,551,2909,169,8971,247,5947,end
9,2641,570,677,2173,303,5862,99,11261,503,2903,169,8932,287,5943,end
10,2650,567,737,2173,265,5829,149,11244,560,2915,169,8876,248,5948,end
11,2577,572,727,2173,264,5870,158,11282,491,2903,167,8976,298,5935,end
12,2614,569,736,2170,262,5865,89,11249,553,2895,188,8981,298,5934,end
13,2528,569,668,2172,264,5852,159,11275,560,2886,159,8891,248,5942,end
14,2619,567,729,2169,311,5865,159,11282,502,2886,199,8833,297,5938,end
15,2620,564,724,2182,264,5821,99,11288,548,2885,158,9214,287,5913,end
16,2639,567,727,2173,253,5853,168,11296,561,2877,169,9149,248,5914,end
17,2600,563,727,2173,302,5844,99,11285,560,2874,179,9089,297,5943,end
18,2683,564,726,2173,305,5799,149,11251,551,2870,159,9019,299,5925,end
19,2590,566,725,2173,244,5859,169,11291,503,2862,179,8971,249,5909,end
20,2636,564,734,2173,317,5702,94,11219,557,2865,178,8941,299,5917,end
21,2648,561,727,2173,250,5873,158,10260,549,2864,169,8882,287,5957,end
22,2613,563,726,2173,261,5862,159,10258,561,2851,179,8862,248,5921,end
23,2624,561,677,2172,315,5796,149,10252,550,2857,165,9028,298,5921,end
24,2629,557,726,2173,263,5844,159,10261,550,2853,188,9028,297,5964,end
25,2540,561,727,2170,262,5891,159,10261,551,2851,179,8986,298,5919,end
26,2550,558,725,2178,314,5797,159,10256,551,2845,169,8927,248,5932,end
27,2622,561,735,2178,264,5891,158,10264,551,2848,179,8889,298,5946,end
28,2621,561,727,2173,299,5873,149,10229,562,2842,189,8841,287,5960,end
29,2545,557,736,2172,301,5855,159,10250,558,2847,159,8830,249,5919,end
30,2643,557,725,2173,262,5855,159,10261,562,2838,195,8983,297,5951,end
31,2587,558,746,2170,299,5852,159,10263,542,2836,168,9009,297,5944,end
32,2556,557,724,2179,300,5806,149,10261,562,2836,189,8913,299,5916,end
33,2636,555,735,2175,266,5756,169,10263,552,2836,169,8885,248,5924,end
34,2631,560,741,2179,318,5918,149,10261,559,2836,189,8858,287,5951,end
35,2604,557,727,2169,252,5856,149,10268,550,2841,166,9016,298,5921,end
36,2639,557,724,2178,260,5891,149,10247,562,2833,189,9012,296,5958,end
37,2600,563,729,2173,314,5796,209,10261,610,2824,169,8944,299,5916,end
38,2643,554,737,2169,304,5812,159,10261,553,2821,179,8892,248,5949,end
39,2707,557,784,2175,254,5845,159,10256,563,2824,179,8868,299,5916,end
40,2639,557,734,2175,300,5873,149,10246,547,2817,189,8823,298,5919,end
41,2676,555,718,2175,303,5800,159,10228,1081,1573,178,8974,298,5944,end
42,2701,551,736,2170,281,5741,158,10267,1071,1580,189,8936,287,5959,end
43,2713,552,784,2173,355,4818,159,9219,1029,1564,169,8874,297,5957,end
44,2708,555,724,2173,404,4830,209,9228,1052,1564,178,8853,299,5924,end
45,2682,551,793,2178,346,4846,206,9214,1047,1561,172,9031,297,5942,end
46,2742,551,723,2173,359,4856,149,9219,1065,1554,219,8306,247,5944,end
47,2690,560,783,2170,351,4829,208,9231,1071,1570,179,8261,295,5890,end
48,2756,554,734,2173,352,4735,159,9225,602,2814,198,8241,298,5888,end
49,2737,554,782,2173,348,4924,209,9225,561,2808,179,8160,296,5943,end
50,2734,551,734,2173,358,4854,158,9228,612,2808,199,8092,298,5944,end
51,2787,551,784,2169,401,4901,209,8201,551,2797,194,8052,287,5949,end
52,2701,557,731,2179,338,4842,208,8210,620,2797,229,7302,297,5947,end
53,2684,557,782,2172,350,4846,209,8199,553,2788,198,7282,297,5938,end
54,2816,546,734,2169,359,4885,209,8211,610,2780,228,7220,299,5911,end
55,2760,548,792,2172,348,4864,209,8213,560,2782,218,7145,298,5942,end
56,2799,551,723,2169,401,4900,209,8184,611,2785,248,7075,298,5938,end
57,2811,551,799,2169,348,4829,217,8202,571,2773,218,6992,295,5930,end
58,2819,543,730,2172,349,4853,208,8217,623,2767,214,7093,298,5920,end
59,2800,542,781,2166,408,4853,209,8213,613,2767,237,7093,299,5926,end
60,2844,545,792,2161,348,4935,208,8202,563,2761,218,6969,286,5960,end
61,2870,542,730,2163,361,4808,209,8204,611,2759,218,7093,297,5956,end
62,2845,546,779,2158,344,4821,267,8210,621,2750,218,6995,298,5939,end
63,2804,546,779,2161,392,4897,159,8213,561,2753,225,7105,296,5959,end
64,2845,542,778,2161,358,4907,259,8197,601,2744,228,7039,298,5938,end
65,2970,537,731,2160,345,4901,209,8182,622,2738,234,7108,299,5924,end
66,2916,536,794,2153,358,4809,209,7766,607,2737,217,7065,347,5950,end
67,2900,539,793,2150,401,4844,268,7769,612,2734,215,7110,288,5943,end
68,3003,536,783,2152,352,4796,208,7770,618,2727,227,7045,297,5952,end
69,2951,533,771,2150,403,4872,209,7766,613,2720,235,7117,348,5921,end
70,3050,533,840,2148,359,4812,249,7759,613,2709,218,7030,298,5942,end
71,3026,531,792,2146,400,4788,258,7770,682,2709,229,7311,298,5916,end
72,3055,531,783,2141,406,4809,209,7774,600,2703,236,7258,344,5930,end
73,3065,534,851,2140,353,4794,269,7764,668,2703,217,7102,294,5939,end
74,3123,528,841,2140,405,4851,208,7770,623,2697,233,7129,337,5939,end
75,3158,527,843,2140,399,4815,259,7761,669,2690,237,7078,297,5951,end
76,3131,525,830,2134,413,4799,268,7776,680,2687,226,7090,347,5958,end
77,3208,522,842,2135,363,4770,209,7758,679,2682,237,7033,299,5934,end
78,3110,523,840,2134,395,4767,248,7761,665,2678,236,7107,348,5924,end
79,3199,523,851,2129,406,4835,258,7781,612,2664,241,7098,297,5953,end
80,3235,520,842,2128,395,4936,269,7759,667,2664,238,6349,348,5928,end
81,3260,523,901,2125,394,4794,258,7771,670,2655,277,6255,297,5889,end
82,3200,523,833,2119,412,4812,209,7770,725,2653,242,6145,386,4905,end
83,3293,520,892,2120,410,4787,248,7700,669,2642,316,5374,386,4897,end
84,3247,519,843,2114,395,4779,302,7211,670,2637,315,5253,446,3818,end
85,3236,519,840,2116,407,4853,318,6182,669,2631,285,5145,498,3811,end
86,3276,514,840,2111,403,4885,297,6193,610,2619,356,4539,468,3833,end
87,3249,514,899,2116,396,4857,317,6182,740,2614,353,4471,695,2779,end
88,3220,517,901,2107,415,4811,367,6182,671,2608,367,4335,628,2819,end
89,3215,510,889,2102,351,4821,317,6184,669,2599,403,3570,624,2796,end
90,3289,505,850,2102,402,4788,298,6172,619,2592,457,3477,1031,1748,end
91,3348,508,830,2096,415,4779,405,5116,716,2590,407,3332,877,1763,end
92,3213,504,787,2098,451,3978,348,5093,668,2579,631,2206,916,1759,end
93,3289,505,891,2093,501,3963,414,5095,620,2581,556,2303,887,1738,end
94,3254,505,852,2092,457,3821,524,4090,674,2571,601,2276,724,1828,end
95,3219,504,838,2087,531,3012,474,4081,670,2555,503,2335,839,1584,end
96,3178,504,840,2096,590,2933,468,4057,607,2533,531,2282,799,1583,end
97,3159,499,779,2085,551,2928,605,3034,665,2498,623,1640,798,1585,end
98,3189,499,738,2085,513,2726,523,3024,597,2403,631,1583,649,1583,end
99,2468,495,999,2079,639,1883,380,3030,813,2229,655,1524,628,1583,end
end,end,end,end,end,end,end,end,end,end,end,end,end,end,end,end
